timestamp,region_id,demand_mw
2023-01-01,India,20025.470132474227
2023-01-02,India,20437.338695490816
2023-01-03,India,20010.293806652215
2023-01-04,India,20193.189895800315
2023-01-05,India,20281.237143735845
2023-01-06,India,20642.004973641855
2023-01-07,India,20565.729599147737
2023-01-08,India,20634.785207633457
2023-01-09,India,20959.413476935173
2023-01-10,India,20877.157960195913
2023-01-11,India,20825.60060622538
2023-01-12,India,20940.40761043167
2023-01-13,India,20808.4714718788
2023-01-14,India,21072.171783979946
2023-01-15,India,20989.66139175491
2023-01-16,India,21115.261614974446
2023-01-17,India,20988.509702411717
2023-01-18,India,21075.781026420413
2023-01-19,India,20747.333449281516
2023-01-20,India,20956.264775955195
2023-01-21,India,20949.687049691842
2023-01-22,India,20915.90663482991
2023-01-23,India,20617.50608131608
2023-01-24,India,20863.981058684283
2023-01-25,India,20674.60368082776
2023-01-26,India,20620.04432261194
2023-01-27,India,20653.25564879944
2023-01-28,India,20636.987557157012
2023-01-29,India,20528.531054874238
2023-01-30,India,20329.686937866256
2023-01-31,India,20169.20281471978
2023-02-01,India,19950.82699928958
2023-02-02,India,19899.430245938205
2023-02-03,India,19894.380745704337
2023-02-04,India,19901.83255020141
2023-02-05,India,19708.6646155553
2023-02-06,India,19558.511361848537
2023-02-07,India,19474.239001114787
2023-02-08,India,19353.61159966486
2023-02-09,India,19371.789994696544
2023-02-10,India,19304.715951025846
2023-02-11,India,19178.29733034281
2023-02-12,India,19229.639452483374
2023-02-13,India,18960.94730324252
2023-02-14,India,19055.468860967845
2023-02-15,India,18980.993877628
2023-02-16,India,19047.49621946659
2023-02-17,India,18922.299861607855
2023-02-18,India,19066.335525860693
2023-02-19,India,19039.914667574067
2023-02-20,India,19125.657466036788
2023-02-21,India,19170.466581228433
2023-02-22,India,19104.909993977762
2023-02-23,India,19148.197804965894
2023-02-24,India,19179.806181856344
2023-02-25,India,19226.20308483731
2023-02-26,India,19177.11801111849
2023-02-27,India,19672.64083100847
2023-02-28,India,19558.53071445284
2023-03-01,India,19727.83141773101
2023-03-02,India,19847.485299968255
2023-03-03,India,19787.61781364785
2023-03-04,India,19837.780224384984
2023-03-05,India,19879.22373575508
2023-03-06,India,19958.518966177366
2023-03-07,India,20136.098110545066
2023-03-08,India,20290.440658363135
2023-03-09,India,20364.48840412605
2023-03-10,India,20548.365305502517
2023-03-11,India,20644.993944042457
2023-03-12,India,20839.39237464957
2023-03-13,India,20534.112940805742
2023-03-14,India,20766.983210824597
2023-03-15,India,20857.89087095667
2023-03-16,India,21043.06698014882
2023-03-17,India,20937.98850466515
2023-03-18,India,21024.122177996658
2023-03-19,India,21004.53890922478
2023-03-20,India,20952.66333995569
2023-03-21,India,21019.921927539377
2023-03-22,India,21039.706605030693
2023-03-23,India,21069.412423382044
2023-03-24,India,20814.479067632274
2023-03-25,India,20855.275871071535
2023-03-26,India,20783.827686531364
2023-03-27,India,20774.521061482195
2023-03-28,India,20693.417732027112
2023-03-29,India,20727.088043688567
2023-03-30,India,20632.9112669596
2023-03-31,India,20539.091815536547
2023-01-01,Maharashtra,5084.300377248142
2023-01-02,Maharashtra,5019.068403613822
2023-01-03,Maharashtra,5209.805888314237
2023-01-04,Maharashtra,5285.8580407700265
2023-01-05,Maharashtra,5320.303445006618
2023-01-06,Maharashtra,5424.775510567622
2023-01-07,Maharashtra,5656.835616582853
2023-01-08,Maharashtra,5481.3692879567425
2023-01-09,Maharashtra,5570.16363324966
2023-01-10,Maharashtra,5818.648489526029
2023-01-11,Maharashtra,5912.47942728874
2023-01-12,Maharashtra,6037.469870168384
2023-01-13,Maharashtra,5999.480378047331
2023-01-14,Maharashtra,6011.131425282854
2023-01-15,Maharashtra,5812.134472446924
2023-01-16,Maharashtra,5995.142151172545
2023-01-17,Maharashtra,6102.722770108307
2023-01-18,Maharashtra,6015.135505631639
2023-01-19,Maharashtra,5913.284268896601
2023-01-20,Maharashtra,5944.063704887319
2023-01-21,Maharashtra,5933.035411031347
2023-01-22,Maharashtra,5862.141925163792
2023-01-23,Maharashtra,6009.521689174999
2023-01-24,Maharashtra,5800.459113810211
2023-01-25,Maharashtra,5642.997089045944
2023-01-26,Maharashtra,5383.279058520802
2023-01-27,Maharashtra,5615.027909502397
2023-01-28,Maharashtra,5237.8967126613825
2023-01-29,Maharashtra,5363.486228211113
2023-01-30,Maharashtra,5136.643060269527
2023-01-31,Maharashtra,5246.834219814974
2023-02-01,Maharashtra,4912.5839822270345
2023-02-02,Maharashtra,4974.464472015937
2023-02-03,Maharashtra,4742.542699507929
2023-02-04,Maharashtra,4876.654958394224
2023-02-05,Maharashtra,4687.338846226239
2023-02-06,Maharashtra,4471.895968060084
2023-02-07,Maharashtra,4494.9662878783665
2023-02-08,Maharashtra,4390.1996826206305
2023-02-09,Maharashtra,4328.81095996691
2023-02-10,Maharashtra,4345.737645272798
2023-02-11,Maharashtra,4073.9480337985506
2023-02-12,Maharashtra,4113.631338420389
2023-02-13,Maharashtra,4062.9258181113064
2023-02-14,Maharashtra,3777.2918434335406
2023-02-15,Maharashtra,4087.6418907335687
2023-02-16,Maharashtra,4068.940405313828
2023-02-17,Maharashtra,3963.499860083575
2023-02-18,Maharashtra,3978.6871481814755
2023-02-19,Maharashtra,4175.824089681166
2023-02-20,Maharashtra,4026.161873162047
2023-02-21,Maharashtra,4105.344284183433
2023-02-22,Maharashtra,4112.775125707903
2023-02-23,Maharashtra,4285.973840422044
2023-02-24,Maharashtra,4153.602219002285
2023-02-25,Maharashtra,4318.358776641524
2023-02-26,Maharashtra,4627.087549695778
2023-02-27,Maharashtra,4434.0580480825265
2023-02-28,Maharashtra,4574.563452307234
2023-03-01,Maharashtra,4627.4412765064235
2023-03-02,Maharashtra,4814.23358235425
2023-03-03,Maharashtra,4928.33275279397
2023-03-04,Maharashtra,4874.491186838274
2023-03-05,Maharashtra,4895.822052203694
2023-03-06,Maharashtra,5126.729599396343
2023-03-07,Maharashtra,5093.218770756881
2023-03-08,Maharashtra,5346.082455007908
2023-03-09,Maharashtra,5463.694194038882
2023-03-10,Maharashtra,5484.519676466672
2023-03-11,Maharashtra,5558.448811348715
2023-03-12,Maharashtra,5673.366474608118
2023-03-13,Maharashtra,5459.8586525688615
2023-03-14,Maharashtra,5627.949940795654
2023-03-15,Maharashtra,5852.296317296721
2023-03-16,Maharashtra,5789.723775736948
2023-03-17,Maharashtra,5605.532076521272
2023-03-18,Maharashtra,6112.0537711729085
2023-03-19,Maharashtra,5919.869605305014
2023-03-20,Maharashtra,6037.923378509493
2023-03-21,Maharashtra,5933.623510345374
2023-03-22,Maharashtra,6094.411662556232
2023-03-23,Maharashtra,5860.243294047405
2023-03-24,Maharashtra,6086.841289130717
2023-03-25,Maharashtra,5830.535250248575
2023-03-26,Maharashtra,5860.911144481082
2023-03-27,Maharashtra,5833.485412884835
2023-03-28,Maharashtra,5832.580347341246
2023-03-29,Maharashtra,5699.430614975484
2023-03-30,Maharashtra,5806.4624233830145
2023-03-31,Maharashtra,5508.7116247793465
2023-01-01,Mumbai,1639.1470310065351
2023-01-02,Mumbai,1697.179061535633
2023-01-03,Mumbai,1604.8516839609206
2023-01-04,Mumbai,1905.9886779246913
2023-01-05,Mumbai,1694.8436446431979
2023-01-06,Mumbai,1991.7146477862898
2023-01-07,Mumbai,2040.8290731103025
2023-01-08,Mumbai,2124.186006495344
2023-01-09,Mumbai,1944.1232126042378
2023-01-10,Mumbai,2245.2777714392037
2023-01-11,Mumbai,2468.4595269368538
2023-01-12,Mumbai,2244.305646793078
2023-01-13,Mumbai,2474.5831633717635
2023-01-14,Mumbai,2466.6174320102696
2023-01-15,Mumbai,2437.338242574107
2023-01-16,Mumbai,2537.460593635871
2023-01-17,Mumbai,2440.8575098698484
2023-01-18,Mumbai,2316.0807771169884
2023-01-19,Mumbai,2400.5502636103097
2023-01-20,Mumbai,2438.5991639040135
2023-01-21,Mumbai,2382.142332890846
2023-01-22,Mumbai,2204.155241447102
2023-01-23,Mumbai,2347.663596109487
2023-01-24,Mumbai,2220.466002177547
2023-01-25,Mumbai,2104.9699988738193
2023-01-26,Mumbai,2098.564404097342
2023-01-27,Mumbai,2095.9904247708146
2023-01-28,Mumbai,1862.3282938659531
2023-01-29,Mumbai,1908.8127939082742
2023-01-30,Mumbai,1733.945138052343
2023-01-31,Mumbai,1694.7960331320553
2023-02-01,Mumbai,1389.845019811433
2023-02-02,Mumbai,1302.7240806320297
2023-02-03,Mumbai,1348.6501589279837
2023-02-04,Mumbai,1233.778557941499
2023-02-05,Mumbai,1135.7706483137795
2023-02-06,Mumbai,1026.1969165198318
2023-02-07,Mumbai,862.7646072611213
2023-02-08,Mumbai,983.905788742454
2023-02-09,Mumbai,808.6186288041241
2023-02-10,Mumbai,847.0004374382256
2023-02-11,Mumbai,878.1996431734052
2023-02-12,Mumbai,600.7181156647542
2023-02-13,Mumbai,700.371466375004
2023-02-14,Mumbai,505.50644017603463
2023-02-15,Mumbai,539.5826832575832
2023-02-16,Mumbai,611.4317478087507
2023-02-17,Mumbai,545.03903552779
2023-02-18,Mumbai,394.68114343369086
2023-02-19,Mumbai,462.65701614411137
2023-02-20,Mumbai,466.9292934890211
2023-02-21,Mumbai,549.1422061565742
2023-02-22,Mumbai,431.6573166265989
2023-02-23,Mumbai,780.3344433823113
2023-02-24,Mumbai,758.5779903907593
2023-02-25,Mumbai,795.4455605301042
2023-02-26,Mumbai,1022.8057888489473
2023-02-27,Mumbai,885.2813809694367
2023-02-28,Mumbai,983.916280046056
2023-03-01,Mumbai,1001.5097650010746
2023-03-02,Mumbai,1379.422136382773
2023-03-03,Mumbai,1365.8186666689835
2023-03-04,Mumbai,1282.1122278885045
2023-03-05,Mumbai,1494.506217287296
2023-03-06,Mumbai,1718.5899824375126
2023-03-07,Mumbai,1775.7961393120818
2023-03-08,Mumbai,1742.1056936615753
2023-03-09,Mumbai,1918.405199737531
2023-03-10,Mumbai,1983.5335457689903
2023-03-11,Mumbai,1946.4941357204325
2023-03-12,Mumbai,2162.7847354148453
2023-03-13,Mumbai,2128.367808478022
2023-03-14,Mumbai,2383.9715942611506
2023-03-15,Mumbai,2374.801389307669
2023-03-16,Mumbai,2282.7098847787956
2023-03-17,Mumbai,2409.479714879577
2023-03-18,Mumbai,2484.459119045171
2023-03-19,Mumbai,2512.2089132190385
2023-03-20,Mumbai,2452.367078588629
2023-03-21,Mumbai,2477.7184278793334
2023-03-22,Mumbai,2565.263804242102
2023-03-23,Mumbai,2510.3014707527673
2023-03-24,Mumbai,2263.146799426699
2023-03-25,Mumbai,2496.420372050283
2023-03-26,Mumbai,2363.2767733205774
2023-03-27,Mumbai,2369.1016189650136
2023-03-28,Mumbai,2410.1965695615118
2023-03-29,Mumbai,2175.550354204911
2023-03-30,Mumbai,1954.3801986411638
2023-03-31,Mumbai,2070.010435204567
